organisation	organisationLabel	location
http://www.wikidata.org/entity/Q218506	Lund University	http://www.wikidata.org/entity/Q2167
http://www.wikidata.org/entity/Q221645	Stockholm University	http://www.wikidata.org/entity/Q1754
http://www.wikidata.org/entity/Q371522	University of Gothenburg	http://www.wikidata.org/entity/Q25287
http://www.wikidata.org/entity/Q854280	Royal Institute of Technology	http://www.wikidata.org/entity/Q1754
http://www.wikidata.org/entity/Q752038	Uppsala Astronomical Observatory	http://www.wikidata.org/entity/Q25286
http://www.wikidata.org/entity/Q185246	Uppsala University	http://www.wikidata.org/entity/Q25286
http://www.wikidata.org/entity/Q1312762	Swedish University of Agricultural Sciences	http://www.wikidata.org/entity/Q25286
http://www.wikidata.org/entity/Q1420103	Swedish Museum of Natural History	http://www.wikidata.org/entity/Q1754
http://www.wikidata.org/entity/Q49108	Massachusetts Institute of Technology	http://www.wikidata.org/entity/Q49111
http://www.wikidata.org/entity/Q1061504	Stockholm School of Economics	http://www.wikidata.org/entity/Q3646335
http://www.wikidata.org/entity/Q458393	Durham University	http://www.wikidata.org/entity/Q179815
http://www.wikidata.org/entity/Q219564	Karolinska Institute	http://www.wikidata.org/entity/Q1754
http://www.wikidata.org/entity/Q1420103	Swedish Museum of Natural History	http://www.wikidata.org/entity/Q4348917
http://www.wikidata.org/entity/Q6373	British Museum	http://www.wikidata.org/entity/Q41778642
http://www.wikidata.org/entity/Q154804	Leipzig University	http://www.wikidata.org/entity/Q183
http://www.wikidata.org/entity/Q4345832	Saint Petersburg Academy of Sciences	http://www.wikidata.org/entity/Q656
http://www.wikidata.org/entity/Q2755982	Uppsala Botanical Garden	http://www.wikidata.org/entity/Q25286
http://www.wikidata.org/entity/Q156737	University of Kiel	http://www.wikidata.org/entity/Q1707
http://www.wikidata.org/entity/Q204457	University of Bergen	http://www.wikidata.org/entity/Q26793
http://www.wikidata.org/entity/Q632004	Radboud University Nijmegen	http://www.wikidata.org/entity/Q47887
http://www.wikidata.org/entity/Q2841849	Ruotsin Helsingin-suurlähetystö	http://www.wikidata.org/entity/Q1772186
http://www.wikidata.org/entity/Q154561	University of Jena	http://www.wikidata.org/entity/Q3150
http://www.wikidata.org/entity/Q474816	Geological Survey of Sweden	http://www.wikidata.org/entity/Q25286
http://www.wikidata.org/entity/Q917874	Åbo Akademi University	http://www.wikidata.org/entity/Q38511
http://www.wikidata.org/entity/Q486156	University of Oslo	http://www.wikidata.org/entity/Q585
http://www.wikidata.org/entity/Q1371375	Museum of Ethnography	http://www.wikidata.org/entity/Q1781556
http://www.wikidata.org/entity/Q1371375	Museum of Ethnography	http://www.wikidata.org/entity/Q10719196
http://www.wikidata.org/entity/Q459506	University of Bristol	http://www.wikidata.org/entity/Q23154
http://www.wikidata.org/entity/Q836805	Chalmers University of Technology	http://www.wikidata.org/entity/Q25287
http://www.wikidata.org/entity/Q977781	Malmö University	http://www.wikidata.org/entity/Q2211
http://www.wikidata.org/entity/Q1163548	Blekinge Institute of Technology	http://www.wikidata.org/entity/Q25789
http://www.wikidata.org/entity/Q34433	University of Oxford	http://www.wikidata.org/entity/Q23169
http://www.wikidata.org/entity/Q34433	University of Oxford	http://www.wikidata.org/entity/Q34217
http://www.wikidata.org/entity/Q1045828	University of East Anglia	http://www.wikidata.org/entity/Q130191
http://www.wikidata.org/entity/Q977781	Malmö University	http://www.wikidata.org/entity/Q5242576
http://www.wikidata.org/entity/Q1414861	University of Exeter	http://www.wikidata.org/entity/Q7594039
http://www.wikidata.org/entity/Q1414861	University of Exeter	http://www.wikidata.org/entity/Q7622729
http://www.wikidata.org/entity/Q1414861	University of Exeter	http://www.wikidata.org/entity/Q7895385
http://www.wikidata.org/entity/Q198678	Swedish Radiation Safety Authority	http://www.wikidata.org/entity/Q54758
http://www.wikidata.org/entity/Q1782926	Konstfack	http://www.wikidata.org/entity/Q1781556
http://www.wikidata.org/entity/Q1782926	Konstfack	http://www.wikidata.org/entity/Q1781652
http://www.wikidata.org/entity/Q782600	Linköping University	http://www.wikidata.org/entity/Q25413
http://www.wikidata.org/entity/Q2822454	Royal Swedish Academy of Agriculture and Forestry	http://www.wikidata.org/entity/Q3646335
http://www.wikidata.org/entity/Q1144565	Umeå University	http://www.wikidata.org/entity/Q25579
http://www.wikidata.org/entity/Q3355352	Royal Institute of Art	http://www.wikidata.org/entity/Q10670072
http://www.wikidata.org/entity/Q1782926	Konstfack	http://www.wikidata.org/entity/Q1754
http://www.wikidata.org/entity/Q6554447	Linköping University Hospital	http://www.wikidata.org/entity/Q25413
http://www.wikidata.org/entity/Q3355352	Royal Institute of Art	http://www.wikidata.org/entity/Q1754
http://www.wikidata.org/entity/Q1972721	Luleå University of Technology	http://www.wikidata.org/entity/Q7230430
http://www.wikidata.org/entity/Q953058	National Library of Sweden	http://www.wikidata.org/entity/Q298489
http://www.wikidata.org/entity/Q1464114	University of Skövde	http://www.wikidata.org/entity/Q21166
http://www.wikidata.org/entity/Q1670860	Swedish International Development Cooperation Agency	http://www.wikidata.org/entity/Q1754
http://www.wikidata.org/entity/Q1888771	Manchester Metropolitan University	http://www.wikidata.org/entity/Q18125
http://www.wikidata.org/entity/Q1972721	Luleå University of Technology	http://www.wikidata.org/entity/Q26268
http://www.wikidata.org/entity/Q5625923	Gävle University College	http://www.wikidata.org/entity/Q25748
http://www.wikidata.org/entity/Q953058	National Library of Sweden	http://www.wikidata.org/entity/Q1754
http://www.wikidata.org/entity/Q1752712	Nicolaus Copernicus University in Toruń	http://www.wikidata.org/entity/Q47554
http://www.wikidata.org/entity/Q503424	University of Leeds	http://www.wikidata.org/entity/Q26262688
http://www.wikidata.org/entity/Q3563936	Swedish National Road and Transport Research Institute	http://www.wikidata.org/entity/Q25413
http://www.wikidata.org/entity/Q3290496	Sahlgrenska University Hospital	http://www.wikidata.org/entity/Q25287
http://www.wikidata.org/entity/Q1796144	Royal College of Music in Stockholm	http://www.wikidata.org/entity/Q1754
http://www.wikidata.org/entity/Q35794	University of Cambridge	http://www.wikidata.org/entity/Q350
http://www.wikidata.org/entity/Q10553859	Regional Archives in Göteborg	http://www.wikidata.org/entity/Q25287
http://www.wikidata.org/entity/Q10576435	Campus Manilla	http://www.wikidata.org/entity/Q831527
http://www.wikidata.org/entity/Q10711975	Vadstena hospital	http://www.wikidata.org/entity/Q265682
http://www.wikidata.org/entity/Q1751928	Linnaeus University	http://www.wikidata.org/entity/Q26152
http://www.wikidata.org/entity/Q1751928	Linnaeus University	http://www.wikidata.org/entity/Q26345
http://www.wikidata.org/entity/Q4577772	Swedish Enforcement Authority	http://www.wikidata.org/entity/Q10683761
http://www.wikidata.org/entity/Q502842	Halmstad University College	http://www.wikidata.org/entity/Q26521
http://www.wikidata.org/entity/Q1734280	Karolinska University Hospital	http://www.wikidata.org/entity/Q129153
http://www.wikidata.org/entity/Q1734280	Karolinska University Hospital	http://www.wikidata.org/entity/Q4117115
http://www.wikidata.org/entity/Q502824	Kristianstad University College	http://www.wikidata.org/entity/Q26937
http://www.wikidata.org/entity/Q631844	Swedish National Heritage Board	http://www.wikidata.org/entity/Q1754
http://www.wikidata.org/entity/Q10444909	Centralsjukhuset Kristianstad	http://www.wikidata.org/entity/Q26937
http://www.wikidata.org/entity/Q812573	Baylor University	http://www.wikidata.org/entity/Q128244
http://www.wikidata.org/entity/Q1187271	Hong Kong Polytechnic University	http://www.wikidata.org/entity/Q157669
http://www.wikidata.org/entity/Q1187271	Hong Kong Polytechnic University	http://www.wikidata.org/entity/Q239143
http://www.wikidata.org/entity/Q1187271	Hong Kong Polytechnic University	http://www.wikidata.org/entity/Q3043091
http://www.wikidata.org/entity/Q270532	University of Aberdeen	http://www.wikidata.org/entity/Q36405
http://www.wikidata.org/entity/Q151510	Heidelberg University	http://www.wikidata.org/entity/Q2966
http://www.wikidata.org/entity/Q2496060	Jönköping University	http://www.wikidata.org/entity/Q25415
http://www.wikidata.org/entity/Q1858061	Karlstad University	http://www.wikidata.org/entity/Q25457
http://www.wikidata.org/entity/Q148554	National Museum of Natural History	http://www.wikidata.org/entity/Q465811
http://www.wikidata.org/entity/Q10686267	The Swedish Seed Association	http://www.wikidata.org/entity/Q202408
http://www.wikidata.org/entity/Q3110979	Södertörn University	http://www.wikidata.org/entity/Q4117115
http://www.wikidata.org/entity/Q3110979	Södertörn University	http://www.wikidata.org/entity/Q32253035
http://www.wikidata.org/entity/Q56247128	Cincinnati Museum of Natural History and Science	http://www.wikidata.org/entity/Q863050
http://www.wikidata.org/entity/Q842858	Nationalmuseum	http://www.wikidata.org/entity/Q1754
http://www.wikidata.org/entity/Q18589787	Lyceum för flickor	http://www.wikidata.org/entity/Q1754
http://www.wikidata.org/entity/Q5587845	Gothenburg University Library	http://www.wikidata.org/entity/Q25287
http://www.wikidata.org/entity/Q1940803	Mid Sweden University	http://www.wikidata.org/entity/Q26476
http://www.wikidata.org/entity/Q1940803	Mid Sweden University	http://www.wikidata.org/entity/Q26515
http://www.wikidata.org/entity/Q2002420	Örebro University	http://www.wikidata.org/entity/Q25732
http://www.wikidata.org/entity/Q4356777	Swedish Institute of Space Physics	http://www.wikidata.org/entity/Q83232
http://www.wikidata.org/entity/Q842858	Nationalmuseum	http://www.wikidata.org/entity/Q1026676
http://www.wikidata.org/entity/Q950917	Nordic Institute for Theoretical Physics	http://www.wikidata.org/entity/Q1803674
http://www.wikidata.org/entity/Q950917	Nordic Institute for Theoretical Physics	http://www.wikidata.org/entity/Q4348917
http://www.wikidata.org/entity/Q3182302	Gotland Museum	http://www.wikidata.org/entity/Q54757
http://www.wikidata.org/entity/Q1480245	National Defence Radio Establishment	http://www.wikidata.org/entity/Q926728
http://www.wikidata.org/entity/Q127990	Australian National University	http://www.wikidata.org/entity/Q482055
http://www.wikidata.org/entity/Q1144673	Royal Academy of Music	http://www.wikidata.org/entity/Q84
http://www.wikidata.org/entity/Q956772	Gothenburg Botanical Garden	http://www.wikidata.org/entity/Q10725885
http://www.wikidata.org/entity/Q127990	Australian National University	http://www.wikidata.org/entity/Q3114
http://www.wikidata.org/entity/Q7401336	Saint George's Hospital	http://www.wikidata.org/entity/Q2523431
http://www.wikidata.org/entity/Q2445509	Swedish Defence Research Agency	http://www.wikidata.org/entity/Q1754
http://www.wikidata.org/entity/Q6971056	National Board of Health and Welfare	http://www.wikidata.org/entity/Q1754
http://www.wikidata.org/entity/Q174570	London School of Economics and Political Science	http://www.wikidata.org/entity/Q84
http://www.wikidata.org/entity/Q131262	University of Bologna	http://www.wikidata.org/entity/Q99937
http://www.wikidata.org/entity/Q201492	McGill University	http://www.wikidata.org/entity/Q340
http://www.wikidata.org/entity/Q201492	McGill University	http://www.wikidata.org/entity/Q176
http://www.wikidata.org/entity/Q131262	University of Bologna	http://www.wikidata.org/entity/Q1486
http://www.wikidata.org/entity/Q131262	University of Bologna	http://www.wikidata.org/entity/Q6662
http://www.wikidata.org/entity/Q131262	University of Bologna	http://www.wikidata.org/entity/Q13142
http://www.wikidata.org/entity/Q131262	University of Bologna	http://www.wikidata.org/entity/Q13367
http://www.wikidata.org/entity/Q131262	University of Bologna	http://www.wikidata.org/entity/Q13364
http://www.wikidata.org/entity/Q131262	University of Bologna	http://www.wikidata.org/entity/Q13369
http://www.wikidata.org/entity/Q131262	University of Bologna	http://www.wikidata.org/entity/Q29080
http://www.wikidata.org/entity/Q131262	University of Bologna	http://www.wikidata.org/entity/Q50195
http://www.wikidata.org/entity/Q131262	University of Bologna	http://www.wikidata.org/entity/Q52981
http://www.wikidata.org/entity/Q10551871	Skaraborgs sjukhus Skövde	http://www.wikidata.org/entity/Q21166
http://www.wikidata.org/entity/Q7654827	Swedish Research Council	http://www.wikidata.org/entity/Q1754
http://www.wikidata.org/entity/Q7654606	Swedish Board of Agriculture	http://www.wikidata.org/entity/Q25415
http://www.wikidata.org/entity/Q10677733	National Veterinary Institute	http://www.wikidata.org/entity/Q25286
http://www.wikidata.org/entity/Q28804179	Västerbotten County Administrative Board	http://www.wikidata.org/entity/Q25579
http://www.wikidata.org/entity/Q230899	University of Manchester	http://www.wikidata.org/entity/Q18125
http://www.wikidata.org/entity/Q174158	Hebrew University of Jerusalem	http://www.wikidata.org/entity/Q1218
http://www.wikidata.org/entity/Q86021120	University of Surrey School of Veterinary Medicine	http://www.wikidata.org/entity/Q213465
http://www.wikidata.org/entity/Q174158	Hebrew University of Jerusalem	http://www.wikidata.org/entity/Q207350
http://www.wikidata.org/entity/Q1557861	University of Évora	http://www.wikidata.org/entity/Q2652407
http://www.wikidata.org/entity/Q7581760	Spyken	http://www.wikidata.org/entity/Q2167
http://www.wikidata.org/entity/Q375606	Birkbeck, University of London	http://www.wikidata.org/entity/Q84
http://www.wikidata.org/entity/Q633078	Malmö Konsthall	http://www.wikidata.org/entity/Q2211
http://www.wikidata.org/entity/Q850730	University of Groningen	http://www.wikidata.org/entity/Q749
http://www.wikidata.org/entity/Q430594	Uppsala University Hospital	http://www.wikidata.org/entity/Q25286
http://www.wikidata.org/entity/Q10492852	Museum of Evolution of Uppsala University	http://www.wikidata.org/entity/Q25286
http://www.wikidata.org/entity/Q3330592	Lund University Historical Museum	http://www.wikidata.org/entity/Q2167
http://www.wikidata.org/entity/Q47011663	Q47011663	http://www.wikidata.org/entity/Q32253035
http://www.wikidata.org/entity/Q189441	Jagiellonian University	http://www.wikidata.org/entity/Q31487
http://www.wikidata.org/entity/Q1481050	London Business School	http://www.wikidata.org/entity/Q84
http://www.wikidata.org/entity/Q967165	University of York	http://www.wikidata.org/entity/Q42462
http://www.wikidata.org/entity/Q1711558	University of Plymouth	http://www.wikidata.org/entity/Q43382
http://www.wikidata.org/entity/Q168751	Duke University	http://www.wikidata.org/entity/Q99438089
http://www.wikidata.org/entity/Q7435613	Scotland's Rural College	http://www.wikidata.org/entity/Q23436
http://www.wikidata.org/entity/Q3330828	Zoological museum in Lund	http://www.wikidata.org/entity/Q2167
http://www.wikidata.org/entity/Q3370919	Swedish Agency for Economic and Regional Growth	http://www.wikidata.org/entity/Q1754
http://www.wikidata.org/entity/Q1756541	Vytautas Magnus University	http://www.wikidata.org/entity/Q4115712
http://www.wikidata.org/entity/Q10544771	Swedish Chemicals Agency	http://www.wikidata.org/entity/Q10683761
http://www.wikidata.org/entity/Q180865	University of Toronto	http://www.wikidata.org/entity/Q172
http://www.wikidata.org/entity/Q17518896	Public Health Agency of Sweden	http://www.wikidata.org/entity/Q26515
http://www.wikidata.org/entity/Q1363442	Kulturen	http://www.wikidata.org/entity/Q2167
http://www.wikidata.org/entity/Q10635976	Swedish Polar Research Secretariat	http://www.wikidata.org/entity/Q26268
http://www.wikidata.org/entity/Q10302765	Institute for Molecular and Cell Biology	http://www.wikidata.org/entity/Q36433
http://www.wikidata.org/entity/Q795988	University of Guelph	http://www.wikidata.org/entity/Q504114
http://www.wikidata.org/entity/Q963530	University of Stirling	http://www.wikidata.org/entity/Q182923
http://www.wikidata.org/entity/Q17518896	Public Health Agency of Sweden	http://www.wikidata.org/entity/Q10673294
http://www.wikidata.org/entity/Q168426	University of Münster	http://www.wikidata.org/entity/Q1198
http://www.wikidata.org/entity/Q168426	University of Münster	http://www.wikidata.org/entity/Q2742
http://www.wikidata.org/entity/Q12975239	University of Ruhuna	http://www.wikidata.org/entity/Q13360574
http://www.wikidata.org/entity/Q245247	King's College London	http://www.wikidata.org/entity/Q84
http://www.wikidata.org/entity/Q725108	Open-air museum Skansen	http://www.wikidata.org/entity/Q1754
http://www.wikidata.org/entity/Q3126873	Erasmus MC	http://www.wikidata.org/entity/Q34370
http://www.wikidata.org/entity/Q498407	University of Latvia	http://www.wikidata.org/entity/Q1773
http://www.wikidata.org/entity/Q2901382	Uppsala University Library	http://www.wikidata.org/entity/Q1044419
http://www.wikidata.org/entity/Q10550663	Kustsanatoriet Apelviken	http://www.wikidata.org/entity/Q21168
http://www.wikidata.org/entity/Q3547145	Birmingham City University	http://www.wikidata.org/entity/Q2256
http://www.wikidata.org/entity/Q49121	Harvard Medical School	http://www.wikidata.org/entity/Q100
http://www.wikidata.org/entity/Q76473	University of Southampton	http://www.wikidata.org/entity/Q79848
http://www.wikidata.org/entity/Q10658535	National Board of Forensic Medicine	http://www.wikidata.org/entity/Q1754
http://www.wikidata.org/entity/Q2983328	Swedish Meteorological and Hydrological Institute	http://www.wikidata.org/entity/Q25724
http://www.wikidata.org/entity/Q1622088	University of Borås	http://www.wikidata.org/entity/Q26040
http://www.wikidata.org/entity/Q1388689	Örebro University Hospital	http://www.wikidata.org/entity/Q25732
http://www.wikidata.org/entity/Q18288613	Queen Silvia Children's Hospital	http://www.wikidata.org/entity/Q25287
http://www.wikidata.org/entity/Q10717657	Värmland County museum	http://www.wikidata.org/entity/Q25457
http://www.wikidata.org/entity/Q7894643	University West	http://www.wikidata.org/entity/Q54339
http://www.wikidata.org/entity/Q2002520	University of the West of England, Bristol	http://www.wikidata.org/entity/Q5502687
http://www.wikidata.org/entity/Q272576	Çanakkale Onsekiz Mart University	http://www.wikidata.org/entity/Q199712
http://www.wikidata.org/entity/Q1134606	Massey University	http://www.wikidata.org/entity/Q5455633
http://www.wikidata.org/entity/Q546976	University of Surrey	http://www.wikidata.org/entity/Q213465
http://www.wikidata.org/entity/Q270222	Michigan State University	http://www.wikidata.org/entity/Q871265
http://www.wikidata.org/entity/Q487556	University of Sydney	http://www.wikidata.org/entity/Q3130
http://www.wikidata.org/entity/Q3038944	University College of Film, Radio, Television and Theatre	http://www.wikidata.org/entity/Q1781556
http://www.wikidata.org/entity/Q119684	Malmö City Library	http://www.wikidata.org/entity/Q1192085
http://www.wikidata.org/entity/Q10650489	Swedish Government Offices	http://www.wikidata.org/entity/Q1754
http://www.wikidata.org/entity/Q1246991	Stockholm Public Library	http://www.wikidata.org/entity/Q94385
http://www.wikidata.org/entity/Q1246991	Stockholm Public Library	http://www.wikidata.org/entity/Q3646335
http://www.wikidata.org/entity/Q27621	Saint Petersburg State University	http://www.wikidata.org/entity/Q656
http://www.wikidata.org/entity/Q1439312	Danderyd Hospital	http://www.wikidata.org/entity/Q10593587
http://www.wikidata.org/entity/Q1129909	Lund University Library	http://www.wikidata.org/entity/Q2167
http://www.wikidata.org/entity/Q1546159	Mälardalen University College	http://www.wikidata.org/entity/Q25412
http://www.wikidata.org/entity/Q9361026	Ramlösa hälsobrunn	http://www.wikidata.org/entity/Q1445185
http://www.wikidata.org/entity/Q10411783	Q10411783	http://www.wikidata.org/entity/Q3274356
http://www.wikidata.org/entity/Q86019561	Cardiff University School of Earth and Ocean Sciences	http://www.wikidata.org/entity/Q10690
http://www.wikidata.org/entity/Q28948579	Föreningen för kvinnans politiska rösträtt i Stockholm	http://www.wikidata.org/entity/Q1754
http://www.wikidata.org/entity/Q213439	University of Virginia	http://www.wikidata.org/entity/Q123766
http://www.wikidata.org/entity/Q333886	Georgetown University	http://www.wikidata.org/entity/Q1468648
http://www.wikidata.org/entity/Q664846	National Cancer Institute	http://www.wikidata.org/entity/Q390551
http://www.wikidata.org/entity/Q7889516	United States Army Research Laboratory	http://www.wikidata.org/entity/Q755153
http://www.wikidata.org/entity/Q10677666	Swedish Agency for Health Technology Assessment and Assessment of Social Services	http://www.wikidata.org/entity/Q1754
http://www.wikidata.org/entity/Q189022	Imperial College London	http://www.wikidata.org/entity/Q7517190
http://www.wikidata.org/entity/Q189022	Imperial College London	http://www.wikidata.org/entity/Q86088281
http://www.wikidata.org/entity/Q189022	Imperial College London	http://www.wikidata.org/entity/Q86113860
http://www.wikidata.org/entity/Q189022	Imperial College London	http://www.wikidata.org/entity/Q86114776
http://www.wikidata.org/entity/Q1558323	Swedish School of Sport and Health Sciences	http://www.wikidata.org/entity/Q4348917
http://www.wikidata.org/entity/Q81174	Jesus College	http://www.wikidata.org/entity/Q34217
http://www.wikidata.org/entity/Q193196	University College London	http://www.wikidata.org/entity/Q84
http://www.wikidata.org/entity/Q1558323	Swedish School of Sport and Health Sciences	http://www.wikidata.org/entity/Q1754
http://www.wikidata.org/entity/Q193196	University College London	http://www.wikidata.org/entity/Q150120
http://www.wikidata.org/entity/Q978464	Natural History Museum of Denmark	http://www.wikidata.org/entity/Q367402
http://www.wikidata.org/entity/Q1432914	Rörstrand	http://www.wikidata.org/entity/Q3646335
http://www.wikidata.org/entity/Q3151942	Lille institute for electronics micro-electronics and nanotechnologies	http://www.wikidata.org/entity/Q2974822
http://www.wikidata.org/entity/Q7437625	Scottish Association for Marine Science	http://www.wikidata.org/entity/Q391948
http://www.wikidata.org/entity/Q7437625	Scottish Association for Marine Science	http://www.wikidata.org/entity/Q935702
http://www.wikidata.org/entity/Q537526	Dalarna University	http://www.wikidata.org/entity/Q26509
http://www.wikidata.org/entity/Q160302	University of Edinburgh	http://www.wikidata.org/entity/Q23436
http://www.wikidata.org/entity/Q823917	University of Sheffield	http://www.wikidata.org/entity/Q42448
http://www.wikidata.org/entity/Q195668	Queen Mary University of London	http://www.wikidata.org/entity/Q84
http://www.wikidata.org/entity/Q932411	Brunel University	http://www.wikidata.org/entity/Q84
http://www.wikidata.org/entity/Q932411	Brunel University	http://www.wikidata.org/entity/Q3552816
http://www.wikidata.org/entity/Q1138080	Coventry University	http://www.wikidata.org/entity/Q6225
http://www.wikidata.org/entity/Q1341845	European Bioinformatics Institute	http://www.wikidata.org/entity/Q7981199
http://www.wikidata.org/entity/Q223429	University of Birmingham	http://www.wikidata.org/entity/Q2256
http://www.wikidata.org/entity/Q223429	University of Birmingham	http://www.wikidata.org/entity/Q23124
http://www.wikidata.org/entity/Q223429	University of Birmingham	http://www.wikidata.org/entity/Q3047556
http://www.wikidata.org/entity/Q645663	University of Pisa	http://www.wikidata.org/entity/Q13375
http://www.wikidata.org/entity/Q896267	Boğaziçi University	http://www.wikidata.org/entity/Q406
http://www.wikidata.org/entity/Q1126189	London School of Hygiene & Tropical Medicine	http://www.wikidata.org/entity/Q84
http://www.wikidata.org/entity/Q5423685	F.C. Donders Centre for Cognitive Neuroimaging	http://www.wikidata.org/entity/Q13729283
http://www.wikidata.org/entity/Q170027	University of London	http://www.wikidata.org/entity/Q84
http://www.wikidata.org/entity/Q152087	Humboldt University of Berlin	http://www.wikidata.org/entity/Q64
http://www.wikidata.org/entity/Q1879124	Medical Products Agency	http://www.wikidata.org/entity/Q25286
http://www.wikidata.org/entity/Q152087	Humboldt University of Berlin	http://www.wikidata.org/entity/Q677514
http://www.wikidata.org/entity/Q10444910	Q10444910	http://www.wikidata.org/entity/Q25457
http://www.wikidata.org/entity/Q936476	Central University of Venezuela	http://www.wikidata.org/entity/Q1533
http://www.wikidata.org/entity/Q5676556	Harvard T.H. Chan School of Public Health	http://www.wikidata.org/entity/Q986020
http://www.wikidata.org/entity/Q1968711	Nobel Prize Museum	http://www.wikidata.org/entity/Q579854
http://www.wikidata.org/entity/Q3232072	Södermanland County Council	http://www.wikidata.org/entity/Q54356
http://www.wikidata.org/entity/Q6973641	National Institute of Economic Research	http://www.wikidata.org/entity/Q1754
http://www.wikidata.org/entity/Q6972720	National Food Agency	http://www.wikidata.org/entity/Q25286
http://www.wikidata.org/entity/Q7944412	Västerås Central Hospital	http://www.wikidata.org/entity/Q25412
http://www.wikidata.org/entity/Q10571977	Ryhov County Hospital	http://www.wikidata.org/entity/Q25415
http://www.wikidata.org/entity/Q10416979	Swedish Work Environment Authority	http://www.wikidata.org/entity/Q1754
http://www.wikidata.org/entity/Q3737020	Oulu University Hospital	http://www.wikidata.org/entity/Q3892155
http://www.wikidata.org/entity/Q99284864	Griffith University - Gold Coast Campus	http://www.wikidata.org/entity/Q1002144
http://www.wikidata.org/entity/Q472316	University of Nottingham	http://www.wikidata.org/entity/Q41262
http://www.wikidata.org/entity/Q86005221	University of Southampton Faculty of Health Sciences	http://www.wikidata.org/entity/Q79848
http://www.wikidata.org/entity/Q31519	Charles University	http://www.wikidata.org/entity/Q1085
http://www.wikidata.org/entity/Q326342	Concordia University	http://www.wikidata.org/entity/Q340
http://www.wikidata.org/entity/Q1724971	National Archives of Sweden	http://www.wikidata.org/entity/Q1754
http://www.wikidata.org/entity/Q41114	Ewha Womans University	http://www.wikidata.org/entity/Q50408
http://www.wikidata.org/entity/Q137503	University of Łódź	http://www.wikidata.org/entity/Q580
http://www.wikidata.org/entity/Q1155944	Paris Descartes University	http://www.wikidata.org/entity/Q90
http://www.wikidata.org/entity/Q1677108	Swedish Transport Administration	http://www.wikidata.org/entity/Q54341
http://www.wikidata.org/entity/Q10677678	Swedish Geotechnical Institute	http://www.wikidata.org/entity/Q25413
http://www.wikidata.org/entity/Q837164	Newcastle University	http://www.wikidata.org/entity/Q1425428
http://www.wikidata.org/entity/Q1155944	Paris Descartes University	http://www.wikidata.org/entity/Q172455
http://www.wikidata.org/entity/Q1155944	Paris Descartes University	http://www.wikidata.org/entity/Q241021
http://www.wikidata.org/entity/Q6039999	Institute of Cancer Research	http://www.wikidata.org/entity/Q84
http://www.wikidata.org/entity/Q891249	Swedish Companies Registration Office	http://www.wikidata.org/entity/Q26476
http://www.wikidata.org/entity/Q56302089	Agency for Digital Government	http://www.wikidata.org/entity/Q26476
http://www.wikidata.org/entity/Q1331110	Swedish Security Service	http://www.wikidata.org/entity/Q1754
http://www.wikidata.org/entity/Q1140265	Royal Dramatic Theatre	http://www.wikidata.org/entity/Q298489
http://www.wikidata.org/entity/Q3578460	Västerbottens museum	http://www.wikidata.org/entity/Q25579
http://www.wikidata.org/entity/Q1235608	Paris Diderot University	http://www.wikidata.org/entity/Q90
http://www.wikidata.org/entity/Q10716418	Q10716418	http://www.wikidata.org/entity/Q1754
http://www.wikidata.org/entity/Q1235608	Paris Diderot University	http://www.wikidata.org/entity/Q182872
http://www.wikidata.org/entity/Q1235608	Paris Diderot University	http://www.wikidata.org/entity/Q234735
http://www.wikidata.org/entity/Q1472511	Statistics Sweden	http://www.wikidata.org/entity/Q25732
http://www.wikidata.org/entity/Q1549932	University of the Punjab	http://www.wikidata.org/entity/Q4478
http://www.wikidata.org/entity/Q12361172	Estonian-Swedish Mental Health and Suicidology Institute	http://www.wikidata.org/entity/Q1023563
http://www.wikidata.org/entity/Q878218	Max Planck Institute of Biochemistry	http://www.wikidata.org/entity/Q259230
http://www.wikidata.org/entity/Q15574	University of Adelaide	http://www.wikidata.org/entity/Q56433431
http://www.wikidata.org/entity/Q15574	University of Adelaide	http://www.wikidata.org/entity/Q56433476
http://www.wikidata.org/entity/Q15574	University of Adelaide	http://www.wikidata.org/entity/Q56433517
http://www.wikidata.org/entity/Q15574	University of Adelaide	http://www.wikidata.org/entity/Q56433543
http://www.wikidata.org/entity/Q1065414	Vrije Universiteit Amsterdam	http://www.wikidata.org/entity/Q64063085
http://www.wikidata.org/entity/Q15574	University of Adelaide	http://www.wikidata.org/entity/Q334
http://www.wikidata.org/entity/Q156725	University of Hamburg	http://www.wikidata.org/entity/Q1055
http://www.wikidata.org/entity/Q5251219	Defence Materiel Administration	http://www.wikidata.org/entity/Q1754
http://www.wikidata.org/entity/Q2000141	Norrland's University Hospital	http://www.wikidata.org/entity/Q25579
http://www.wikidata.org/entity/Q61754201	Q61754201	http://www.wikidata.org/entity/Q25287
http://www.wikidata.org/entity/Q1541450	Royal Swedish Academy of Music	http://www.wikidata.org/entity/Q1888208
http://www.wikidata.org/entity/Q7654818	Swedish Post and Telecom Agency	http://www.wikidata.org/entity/Q1754
http://www.wikidata.org/entity/Q1558586	Hanken School of Economics	http://www.wikidata.org/entity/Q2741998
http://www.wikidata.org/entity/Q593321	University of Genoa	http://www.wikidata.org/entity/Q1449
http://www.wikidata.org/entity/Q58346416	Saint Petersburg Mining Institute	http://www.wikidata.org/entity/Q656
http://www.wikidata.org/entity/Q1421440	Fitzwilliam Museum	http://www.wikidata.org/entity/Q350
http://www.wikidata.org/entity/Q6971083	Swedish Board for Study Support	http://www.wikidata.org/entity/Q26476
http://www.wikidata.org/entity/Q371908	Albertina	http://www.wikidata.org/entity/Q126393
http://www.wikidata.org/entity/Q15576	University of South Australia	http://www.wikidata.org/entity/Q327348
http://www.wikidata.org/entity/Q15576	University of South Australia	http://www.wikidata.org/entity/Q6794461
http://www.wikidata.org/entity/Q15576	University of South Australia	http://www.wikidata.org/entity/Q12061437
http://www.wikidata.org/entity/Q15576	University of South Australia	http://www.wikidata.org/entity/Q24190244
http://www.wikidata.org/entity/Q209344	Sapienza University of Rome	http://www.wikidata.org/entity/Q1486
http://www.wikidata.org/entity/Q209344	Sapienza University of Rome	http://www.wikidata.org/entity/Q13395
http://www.wikidata.org/entity/Q209344	Sapienza University of Rome	http://www.wikidata.org/entity/Q13396
http://www.wikidata.org/entity/Q209344	Sapienza University of Rome	http://www.wikidata.org/entity/Q13410
http://www.wikidata.org/entity/Q209344	Sapienza University of Rome	http://www.wikidata.org/entity/Q13413
http://www.wikidata.org/entity/Q209344	Sapienza University of Rome	http://www.wikidata.org/entity/Q13450
http://www.wikidata.org/entity/Q15576	University of South Australia	http://www.wikidata.org/entity/Q5112
http://www.wikidata.org/entity/Q209344	Sapienza University of Rome	http://www.wikidata.org/entity/Q116592
http://www.wikidata.org/entity/Q209344	Sapienza University of Rome	http://www.wikidata.org/entity/Q117382
http://www.wikidata.org/entity/Q209344	Sapienza University of Rome	http://www.wikidata.org/entity/Q128065
http://www.wikidata.org/entity/Q209344	Sapienza University of Rome	http://www.wikidata.org/entity/Q128089
http://www.wikidata.org/entity/Q209344	Sapienza University of Rome	http://www.wikidata.org/entity/Q128226
http://www.wikidata.org/entity/Q209344	Sapienza University of Rome	http://www.wikidata.org/entity/Q221900
http://www.wikidata.org/entity/Q209344	Sapienza University of Rome	http://www.wikidata.org/entity/Q241744
http://www.wikidata.org/entity/Q209344	Sapienza University of Rome	http://www.wikidata.org/entity/Q241791
http://www.wikidata.org/entity/Q209344	Sapienza University of Rome	http://www.wikidata.org/entity/Q242533
http://www.wikidata.org/entity/Q209344	Sapienza University of Rome	http://www.wikidata.org/entity/Q242553
http://www.wikidata.org/entity/Q209344	Sapienza University of Rome	http://www.wikidata.org/entity/Q242710
http://www.wikidata.org/entity/Q209344	Sapienza University of Rome	http://www.wikidata.org/entity/Q243116
http://www.wikidata.org/entity/Q209344	Sapienza University of Rome	http://www.wikidata.org/entity/Q243172
http://www.wikidata.org/entity/Q209344	Sapienza University of Rome	http://www.wikidata.org/entity/Q271411
http://www.wikidata.org/entity/Q46210	University of Milan	http://www.wikidata.org/entity/Q490
http://www.wikidata.org/entity/Q1506922	Gustavianum	http://www.wikidata.org/entity/Q10496093
http://www.wikidata.org/entity/Q32746	National Taiwan University	http://www.wikidata.org/entity/Q1867
http://www.wikidata.org/entity/Q32746	National Taiwan University	http://www.wikidata.org/entity/Q22502
http://www.wikidata.org/entity/Q845497	Lantmäteriet	http://www.wikidata.org/entity/Q25748
http://www.wikidata.org/entity/Q2413375	The Open University	http://www.wikidata.org/entity/Q204234
http://www.wikidata.org/entity/Q3036648	University of Worcester	http://www.wikidata.org/entity/Q1646181
http://www.wikidata.org/entity/Q3036648	University of Worcester	http://www.wikidata.org/entity/Q7593808
http://www.wikidata.org/entity/Q3036648	University of Worcester	http://www.wikidata.org/entity/Q67575442
http://www.wikidata.org/entity/Q10621662	Swedish Patent and Registration Office	http://www.wikidata.org/entity/Q1754
http://www.wikidata.org/entity/Q1249005	University of Dundee	http://www.wikidata.org/entity/Q123709
http://www.wikidata.org/entity/Q85985187	University College London Cancer Institute	http://www.wikidata.org/entity/Q84
http://www.wikidata.org/entity/Q1567050	Hacettepe University	http://www.wikidata.org/entity/Q3640
http://www.wikidata.org/entity/Q99284810	Southern Cross University Coffs Harbour Campus	http://www.wikidata.org/entity/Q604283
http://www.wikidata.org/entity/Q1247075	Uppsala University Coin Cabinet	http://www.wikidata.org/entity/Q25286
http://www.wikidata.org/entity/Q10274592	School of Communications and Arts of the University of São Paulo	http://www.wikidata.org/entity/Q174
http://www.wikidata.org/entity/Q924551	National Library of Norway	http://www.wikidata.org/entity/Q585
http://www.wikidata.org/entity/Q132478	Oxford Brookes University	http://www.wikidata.org/entity/Q3090863
http://www.wikidata.org/entity/Q10674565	Q10674565	http://www.wikidata.org/entity/Q3240427
http://www.wikidata.org/entity/Q3064716	Botaniska trädgården	http://www.wikidata.org/entity/Q2167
http://www.wikidata.org/entity/Q4585222	Swedish Migration Board	http://www.wikidata.org/entity/Q25724
http://www.wikidata.org/entity/Q7061065	Swedish Prison and Probation Service	http://www.wikidata.org/entity/Q25724
http://www.wikidata.org/entity/Q1333399	University of Leicester	http://www.wikidata.org/entity/Q83065
http://www.wikidata.org/entity/Q1434547	Loughborough University	http://www.wikidata.org/entity/Q537323
http://www.wikidata.org/entity/Q1142544	Wellcome Sanger Institute	http://www.wikidata.org/entity/Q7981199
http://www.wikidata.org/entity/Q838691	Muséum national d'histoire naturelle	http://www.wikidata.org/entity/Q90
http://www.wikidata.org/entity/Q7654780	National Financial Management Authority	http://www.wikidata.org/entity/Q1754
http://www.wikidata.org/entity/Q131454	Library of Congress	http://www.wikidata.org/entity/Q54109
http://www.wikidata.org/entity/Q3551577	University of Chichester	http://www.wikidata.org/entity/Q207639
http://www.wikidata.org/entity/Q10416916	Swedish Labour Movement's Archives and Library	http://www.wikidata.org/entity/Q1754
http://www.wikidata.org/entity/Q489175	Västergötland museum	http://www.wikidata.org/entity/Q939389
http://www.wikidata.org/entity/Q131454	Library of Congress	http://www.wikidata.org/entity/Q2337907
http://www.wikidata.org/entity/Q131454	Library of Congress	http://www.wikidata.org/entity/Q2615945
http://www.wikidata.org/entity/Q131454	Library of Congress	http://www.wikidata.org/entity/Q3161243
http://www.wikidata.org/entity/Q647768	Norwegian International Film Festival	http://www.wikidata.org/entity/Q109036
http://www.wikidata.org/entity/Q15694964	Swedish eHealth Agency	http://www.wikidata.org/entity/Q26345
http://www.wikidata.org/entity/Q540751	Anglia Ruskin University	http://www.wikidata.org/entity/Q210985
http://www.wikidata.org/entity/Q10623228	Swedish Pensions Agency	http://www.wikidata.org/entity/Q1754
http://www.wikidata.org/entity/Q836916	Swedish Tax Agency	http://www.wikidata.org/entity/Q10673294
http://www.wikidata.org/entity/Q772059	Max Planck Institute for Human Development	http://www.wikidata.org/entity/Q693628
http://www.wikidata.org/entity/Q432637	George Washington University	http://www.wikidata.org/entity/Q2019662
http://www.wikidata.org/entity/Q432637	George Washington University	http://www.wikidata.org/entity/Q3297936
http://www.wikidata.org/entity/Q2002619	Nottingham Trent University	http://www.wikidata.org/entity/Q41262
http://www.wikidata.org/entity/Q3440237	Swedish Public Employment Service	http://www.wikidata.org/entity/Q1754
http://www.wikidata.org/entity/Q741082	Macquarie University	http://www.wikidata.org/entity/Q8273407
http://www.wikidata.org/entity/Q1547084	University of Twente	http://www.wikidata.org/entity/Q2303437
http://www.wikidata.org/entity/Q499510	University of Liverpool	http://www.wikidata.org/entity/Q4666835
